{"FID_latent/male2female": 20.61479497977767, "FID_latent/female2male": 37.80616537285331, "FID_latent/mean": 29.21048017631549}