{"FID_reference/male2female": 27.326297446235817, "FID_reference/female2male": 55.0581082800288, "FID_reference/mean": 41.19220286313231}