{"FID_reference/dog2cat": 41.926119044179885, "FID_reference/wild2cat": 92.82237841389686, "FID_reference/cat2dog": 208.9528562774367, "FID_reference/wild2dog": 169.48914043549317, "FID_reference/cat2wild": 172.17949153386087, "FID_reference/dog2wild": 169.9785452209204, "FID_reference/mean": 142.55808848763132}